{
  "1": {
    "final_val_acc": 0.9334862385321101
  },
  "2": {
    "final_val_acc": 0.9369266055045872
  },
  "4": {
    "final_val_acc": 0.9288990825688074
  },
  "8": {
    "final_val_acc": 0.9346330275229358
  }
}